,date,new_deaths
105439,2020-02-25,
105440,2020-02-26,0.0
105441,2020-02-27,0.0
105442,2020-02-28,0.0
105443,2020-02-29,0.0
105444,2020-03-01,0.0
105445,2020-03-02,0.0
105446,2020-03-03,0.0
105447,2020-03-04,0.0
105448,2020-03-05,0.0
105449,2020-03-06,0.0
105450,2020-03-07,0.0
105451,2020-03-08,0.0
105452,2020-03-09,0.0
105453,2020-03-10,0.0
105454,2020-03-11,0.0
105455,2020-03-12,0.0
105456,2020-03-13,0.0
105457,2020-03-14,0.0
105458,2020-03-15,0.0
105459,2020-03-16,0.0
105460,2020-03-17,1.0
105461,2020-03-18,3.0
105462,2020-03-19,3.0
105463,2020-03-20,4.0
105464,2020-03-21,7.0
105465,2020-03-22,7.0
105466,2020-03-23,9.0
105467,2020-03-24,13.0
105468,2020-03-25,12.0
105469,2020-03-26,18.0
105470,2020-03-27,16.0
105471,2020-03-28,22.0
105472,2020-03-29,24.0
105473,2020-03-30,27.0
105474,2020-03-31,36.0
105475,2020-04-01,42.0
105476,2020-04-02,61.0
105477,2020-04-03,60.0
105478,2020-04-04,80.0
105479,2020-04-05,52.0
105480,2020-04-06,73.0
105481,2020-04-07,121.0
105482,2020-04-08,135.0
105483,2020-04-09,133.0
105484,2020-04-10,114.0
105485,2020-04-11,68.0
105486,2020-04-12,96.0
105487,2020-04-13,120.0
105488,2020-04-14,200.0
105489,2020-04-15,203.0
105490,2020-04-16,202.0
105491,2020-04-17,211.0
105492,2020-04-18,202.0
105493,2020-04-19,116.0
105494,2020-04-20,107.0
105495,2020-04-21,174.0
105496,2020-04-22,169.0
105497,2020-04-23,408.0
105498,2020-04-24,373.0
105499,2020-04-25,352.0
105500,2020-04-26,227.0
105501,2020-04-27,305.0
105502,2020-04-28,488.0
105503,2020-04-29,443.0
105504,2020-04-30,443.0
105505,2020-05-01,459.0
105506,2020-05-02,371.0
105507,2020-05-03,267.0
105508,2020-05-04,304.0
105509,2020-05-05,591.0
105510,2020-05-06,625.0
105511,2020-05-07,675.0
105512,2020-05-08,754.0
105513,2020-05-09,671.0
105514,2020-05-10,478.0
105515,2020-05-11,485.0
105516,2020-05-12,842.0
105517,2020-05-13,778.0
105518,2020-05-14,789.0
105519,2020-05-15,914.0
105520,2020-05-16,719.0
105521,2020-05-17,500.0
105522,2020-05-18,722.0
105523,2020-05-19,1150.0
105524,2020-05-20,985.0
105525,2020-05-21,1069.0
105526,2020-05-22,1031.0
105527,2020-05-23,1046.0
105528,2020-05-24,658.0
105529,2020-05-25,726.0
105530,2020-05-26,1055.0
105531,2020-05-27,1060.0
105532,2020-05-28,1189.0
105533,2020-05-29,1138.0
105534,2020-05-30,864.0
105535,2020-05-31,470.0
105536,2020-06-01,742.0
105537,2020-06-02,1364.0
105538,2020-06-03,1194.0
105539,2020-06-04,1510.0
105540,2020-06-05,1076.0
105541,2020-06-06,801.0
105542,2020-06-07,476.0
105543,2020-06-08,863.0
105544,2020-06-09,1193.0
105545,2020-06-10,1236.0
105546,2020-06-11,1269.0
105547,2020-06-12,842.0
105548,2020-06-13,857.0
105549,2020-06-14,634.0
105550,2020-06-15,764.0
105551,2020-06-16,1332.0
105552,2020-06-17,1185.0
105553,2020-06-18,1237.0
105554,2020-06-19,1172.0
105555,2020-06-20,982.0
105556,2020-06-21,609.0
105557,2020-06-22,735.0
105558,2020-06-23,1405.0
105559,2020-06-24,1110.0
105560,2020-06-25,1173.0
105561,2020-06-26,992.0
105562,2020-06-27,1035.0
105563,2020-06-28,600.0
105564,2020-06-29,714.0
105565,2020-06-30,1314.0
105566,2020-07-01,1086.0
105567,2020-07-02,1258.0
105568,2020-07-03,1213.0
105569,2020-07-04,1057.0
105570,2020-07-05,559.0
105571,2020-07-06,683.0
105572,2020-07-07,1299.0
105573,2020-07-08,1173.0
105574,2020-07-09,1222.0
105575,2020-07-10,1299.0
105576,2020-07-11,931.0
105577,2020-07-12,617.0
105578,2020-07-13,832.0
105579,2020-07-14,1301.0
105580,2020-07-15,1271.0
105581,2020-07-16,1320.0
105582,2020-07-17,1123.0
105583,2020-07-18,844.0
105584,2020-07-19,703.0
105585,2020-07-20,774.0
105586,2020-07-21,1317.0
105587,2020-07-22,1296.0
105588,2020-07-23,1313.0
105589,2020-07-24,1142.0
105590,2020-07-25,1108.0
105591,2020-07-26,571.0
105592,2020-07-27,684.0
105593,2020-07-28,1257.0
105594,2020-07-29,1198.0
105595,2020-07-30,1202.0
105596,2020-07-31,1271.0
105597,2020-08-01,937.0
105598,2020-08-02,535.0
105599,2020-08-03,598.0
105600,2020-08-04,1321.0
105601,2020-08-05,1391.0
105602,2020-08-06,1225.0
105603,2020-08-07,1084.0
105604,2020-08-08,825.0
105605,2020-08-09,568.0
105606,2020-08-10,789.0
105607,2020-08-11,1181.0
105608,2020-08-12,1191.0
105609,2020-08-13,1228.0
105610,2020-08-14,1013.0
105611,2020-08-15,730.0
105612,2020-08-16,594.0
105613,2020-08-17,785.0
105614,2020-08-18,1347.0
105615,2020-08-19,1156.0
105616,2020-08-20,1236.0
105617,2020-08-21,1064.0
105618,2020-08-22,828.0
105619,2020-08-23,456.0
105620,2020-08-24,707.0
105621,2020-08-25,1204.0
105622,2020-08-26,1084.0
105623,2020-08-27,984.0
105624,2020-08-28,845.0
105625,2020-08-29,909.0
105626,2020-08-30,399.0
105627,2020-08-31,639.0
105628,2020-09-01,1159.0
105629,2020-09-02,1203.0
105630,2020-09-03,871.0
105631,2020-09-04,847.0
105632,2020-09-05,607.0
105633,2020-09-06,457.0
105634,2020-09-07,322.0
105635,2020-09-08,521.0
105636,2020-09-09,1159.0
105637,2020-09-10,974.0
105638,2020-09-11,847.0
105639,2020-09-12,768.0
105640,2020-09-13,405.0
105641,2020-09-14,456.0
105642,2020-09-15,1084.0
105643,2020-09-16,962.0
105644,2020-09-17,869.0
105645,2020-09-18,828.0
105646,2020-09-19,681.0
105647,2020-09-20,351.0
105648,2020-09-21,462.0
105649,2020-09-22,797.0
105650,2020-09-23,932.0
105651,2020-09-24,794.0
105652,2020-09-25,822.0
105653,2020-09-26,722.0
105654,2020-09-27,339.0
105655,2020-09-28,390.0
105656,2020-09-29,856.0
105657,2020-09-30,984.0
105658,2020-10-01,773.0
105659,2020-10-02,654.0
105660,2020-10-03,572.0
105661,2020-10-04,374.0
105662,2020-10-05,393.0
105663,2020-10-06,810.0
105664,2020-10-07,725.0
105665,2020-10-08,733.0
105666,2020-10-09,654.0
105667,2020-10-10,533.0
105668,2020-10-11,278.0
105669,2020-10-12,194.0
105670,2020-10-13,377.0
105671,2020-10-14,733.0
105672,2020-10-15,814.0
105673,2020-10-16,643.0
105674,2020-10-17,415.0
105675,2020-10-18,235.0
105676,2020-10-19,326.0
105677,2020-10-20,648.0
105678,2020-10-21,570.0
105679,2020-10-22,505.0
105680,2020-10-23,563.0
105681,2020-10-24,387.0
105682,2020-10-25,233.0
105683,2020-10-26,302.0
105684,2020-10-27,525.0
105685,2020-10-28,505.0
105686,2020-10-29,551.0
105687,2020-10-30,573.0
105688,2020-10-31,292.0
105689,2020-11-01,203.0
105690,2020-11-02,165.0
105691,2020-11-03,288.0
105692,2020-11-04,618.0
105693,2020-11-05,603.0
105694,2020-11-06,271.0
105695,2020-11-07,228.0
105696,2020-11-08,190.0
105697,2020-11-09,186.0
105698,2020-11-10,198.0
105699,2020-11-11,574.0
105700,2020-11-12,933.0
105701,2020-11-13,576.0
105702,2020-11-14,734.0
105703,2020-11-15,140.0
105704,2020-11-16,257.0
105705,2020-11-17,678.0
105706,2020-11-18,755.0
105707,2020-11-19,647.0
105708,2020-11-20,514.0
105709,2020-11-21,357.0
105710,2020-11-22,178.0
105711,2020-11-23,355.0
105712,2020-11-24,627.0
105713,2020-11-25,623.0
105714,2020-11-26,710.0
105715,2020-11-27,559.0
105716,2020-11-28,544.0
105717,2020-11-29,233.0
105718,2020-11-30,351.0
105719,2020-12-01,685.0
105720,2020-12-02,679.0
105721,2020-12-03,761.0
105722,2020-12-04,678.0
105723,2020-12-05,647.0
105724,2020-12-06,340.0
105725,2020-12-07,425.0
105726,2020-12-08,797.0
105727,2020-12-09,853.0
105728,2020-12-10,769.0
105729,2020-12-11,661.0
105730,2020-12-12,677.0
105731,2020-12-13,295.0
105732,2020-12-14,513.0
105733,2020-12-15,934.0
105734,2020-12-16,941.0
105735,2020-12-17,1060.0
105736,2020-12-18,816.0
105737,2020-12-19,659.0
105738,2020-12-20,418.0
105739,2020-12-21,561.0
105740,2020-12-22,969.0
105741,2020-12-23,965.0
105742,2020-12-24,760.0
105743,2020-12-25,482.0
105744,2020-12-26,296.0
105745,2020-12-27,337.0
105746,2020-12-28,537.0
105747,2020-12-29,1050.0
105748,2020-12-30,1216.0
105749,2020-12-31,1015.0
105750,2021-01-01,470.0
105751,2021-01-02,292.0
105752,2021-01-03,311.0
105753,2021-01-04,594.0
105754,2021-01-05,1188.0
105755,2021-01-06,1230.0
105756,2021-01-07,1518.0
105757,2021-01-08,1078.0
105758,2021-01-09,1008.0
105759,2021-01-10,489.0
105760,2021-01-11,491.0
105761,2021-01-12,1125.0
105762,2021-01-13,1264.0
105763,2021-01-14,1154.0
105764,2021-01-15,1136.0
105765,2021-01-16,1014.0
105766,2021-01-17,551.0
105767,2021-01-18,476.0
105768,2021-01-19,1160.0
105769,2021-01-20,1395.0
105770,2021-01-21,1347.0
105771,2021-01-22,1071.0
105772,2021-01-23,1145.0
105773,2021-01-24,594.0
105774,2021-01-25,689.0
105775,2021-01-26,1154.0
105776,2021-01-27,1336.0
105777,2021-01-28,1437.0
105778,2021-01-29,1084.0
105779,2021-01-30,1192.0
105780,2021-01-31,568.0
105781,2021-02-01,622.0
105782,2021-02-02,1259.0
105783,2021-02-03,1197.0
105784,2021-02-04,1276.0
105785,2021-02-05,1251.0
105786,2021-02-06,937.0
105787,2021-02-07,488.0
105788,2021-02-08,720.0
105789,2021-02-09,1314.0
105790,2021-02-10,1361.0
105791,2021-02-11,1441.0
105792,2021-02-12,1220.0
105793,2021-02-13,1025.0
105794,2021-02-14,653.0
105795,2021-02-15,610.0
105796,2021-02-16,1092.0
105797,2021-02-17,1189.0
105798,2021-02-18,1438.0
105799,2021-02-19,1330.0
105800,2021-02-20,1031.0
105801,2021-02-21,606.0
105802,2021-02-22,711.0
105803,2021-02-23,1358.0
105804,2021-02-24,1446.0
105805,2021-02-25,1575.0
105806,2021-02-26,1343.0
105807,2021-02-27,1252.0
105808,2021-02-28,772.0
105809,2021-03-01,826.0
105810,2021-03-02,1721.0
105811,2021-03-03,1846.0
105812,2021-03-04,1806.0
105813,2021-03-05,1713.0
105814,2021-03-06,1489.0
105815,2021-03-07,1098.0
105816,2021-03-08,1118.0
105817,2021-03-09,1949.0
105818,2021-03-10,2379.0
105819,2021-03-11,2194.0
105820,2021-03-12,2122.0
105821,2021-03-13,1955.0
105822,2021-03-14,1069.0
105823,2021-03-15,1332.0
105824,2021-03-16,2848.0
105825,2021-03-17,2661.0
105826,2021-03-18,2723.0
105827,2021-03-19,2654.0
105828,2021-03-20,2369.0
105829,2021-03-21,1246.0
105830,2021-03-22,1601.0
105831,2021-03-23,3147.0
105832,2021-03-24,2316.0
105833,2021-03-25,2651.0
105834,2021-03-26,3510.0
105835,2021-03-27,3406.0
105836,2021-03-28,1581.0
105837,2021-03-29,2012.0
105838,2021-03-30,3653.0
105839,2021-03-31,3924.0
105840,2021-04-01,3652.0
105841,2021-04-02,2801.0
105842,2021-04-03,1909.0
105843,2021-04-04,1242.0
105844,2021-04-05,1909.0
105845,2021-04-06,4065.0
105846,2021-04-07,3671.0
105847,2021-04-08,4146.0
105848,2021-04-09,3751.0
105849,2021-04-10,2378.0
105850,2021-04-11,1857.0
105851,2021-04-12,1709.0
105852,2021-04-13,3754.0
105853,2021-04-14,3444.0
105854,2021-04-15,3491.0
105855,2021-04-16,3337.0
105856,2021-04-17,2877.0
105857,2021-04-18,1521.0
105858,2021-04-19,1756.0
105859,2021-04-20,3345.0
105860,2021-04-21,3196.0
105861,2021-04-22,2051.0
105862,2021-04-23,3042.0
105863,2021-04-24,2766.0
105864,2021-04-25,1334.0
105865,2021-04-26,1380.0
105866,2021-04-27,3081.0
105867,2021-04-28,3007.0
105868,2021-04-29,3032.0
105869,2021-04-30,2860.0
105870,2021-05-01,2239.0
105871,2021-05-02,1265.0
105872,2021-05-03,1125.0
105873,2021-05-04,2979.0
105874,2021-05-05,2770.0
105875,2021-05-06,2535.0
105876,2021-05-07,2184.0
105877,2021-05-08,2080.0
105878,2021-05-09,922.0
105879,2021-05-10,1111.0
105880,2021-05-11,2244.0
105881,2021-05-12,2581.0
105882,2021-05-13,2277.0
105883,2021-05-14,2187.0
105884,2021-05-15,2001.0
105885,2021-05-16,1060.0
105886,2021-05-17,1084.0
105887,2021-05-18,2451.0
105888,2021-05-19,2499.0
105889,2021-05-20,2510.0
105890,2021-05-21,2126.0
105891,2021-05-22,1726.0
105892,2021-05-23,889.0
105893,2021-05-24,861.0
105894,2021-05-25,2183.0
105895,2021-05-26,2463.0
105896,2021-05-27,2101.0
105897,2021-05-28,2425.0
105898,2021-05-29,1939.0
105899,2021-05-30,913.0
105900,2021-05-31,965.0
105901,2021-06-01,2332.0
105902,2021-06-02,2507.0
105903,2021-06-03,1913.0
105904,2021-06-04,1191.0
105905,2021-06-05,1670.0
105906,2021-06-06,880.0
105907,2021-06-07,1149.0
105908,2021-06-08,2647.0
105909,2021-06-09,2389.0
105910,2021-06-10,2501.0
105911,2021-06-11,2176.0
105912,2021-06-12,1974.0
105913,2021-06-13,1119.0
105914,2021-06-14,1019.0
105915,2021-06-15,2683.0
105916,2021-06-16,2700.0
105917,2021-06-17,2314.0
105918,2021-06-18,2475.0
105919,2021-06-19,2205.0
105920,2021-06-20,1031.0
105921,2021-06-21,981.0
105922,2021-06-22,2103.0
105923,2021-06-23,2265.0
105924,2021-06-24,2038.0
105925,2021-06-25,2007.0
105926,2021-06-26,1516.0
105927,2021-06-27,720.0
105928,2021-06-28,714.0
105929,2021-06-29,1938.0
105930,2021-06-30,2063.0
105931,2021-07-01,1932.0
105932,2021-07-02,1875.0
105933,2021-07-03,1635.0
105934,2021-07-04,771.0
105935,2021-07-05,787.0
105936,2021-07-06,1757.0
105937,2021-07-07,1584.0
105938,2021-07-08,1727.0
105939,2021-07-09,1472.0
105940,2021-07-10,1157.0
105941,2021-07-11,564.0
105942,2021-07-12,779.0
105943,2021-07-13,1658.0
105944,2021-07-14,1535.0
105945,2021-07-15,1609.0
105946,2021-07-16,1389.0
105947,2021-07-17,1271.0
105948,2021-07-18,481.0
105949,2021-07-19,668.0
105950,2021-07-20,1379.0
105951,2021-07-21,1400.0
105952,2021-07-22,1430.0
105953,2021-07-23,1291.0
105954,2021-07-24,1080.0
105955,2021-07-25,479.0
105956,2021-07-26,625.0
105957,2021-07-27,1289.0
105958,2021-07-28,1372.0
105959,2021-07-29,1340.0
105960,2021-07-30,883.0
105961,2021-07-31,949.0
105962,2021-08-01,415.0
105963,2021-08-02,544.0
105964,2021-08-03,1236.0
105965,2021-08-04,1072.0
105966,2021-08-05,1126.0
105967,2021-08-06,957.0
105968,2021-08-07,999.0
105969,2021-08-08,389.0
105970,2021-08-09,507.0
105971,2021-08-10,1268.0
105972,2021-08-11,1044.0
105973,2021-08-12,1016.0
105974,2021-08-13,892.0
105975,2021-08-14,912.0
105976,2021-08-15,389.0
105977,2021-08-16,410.0
105978,2021-08-17,1094.0
105979,2021-08-18,989.0
105980,2021-08-19,1022.0
105981,2021-08-20,894.0
105982,2021-08-21,611.0
105983,2021-08-22,333.0
105984,2021-08-23,417.0
105985,2021-08-24,860.0
105986,2021-08-25,887.0
105987,2021-08-26,870.0
105988,2021-08-27,818.0
105989,2021-08-28,627.0
105990,2021-08-29,278.0
105991,2021-08-30,317.0
105992,2021-08-31,880.0
105993,2021-09-01,696.0
105994,2021-09-02,782.0
105995,2021-09-03,740.0
105996,2021-09-04,637.0
105997,2021-09-05,271.0
105998,2021-09-06,220.0
105999,2021-09-07,327.0
106000,2021-09-08,249.0
106001,2021-09-09,824.0
106002,2021-09-10,636.0
106003,2021-09-11,668.0
106004,2021-09-12,299.0
106005,2021-09-13,283.0
106006,2021-09-14,678.0
106007,2021-09-15,801.0
106008,2021-09-16,663.0
106009,2021-09-17,638.0
106010,2021-09-18,586.0
106011,2021-09-19,248.0
106012,2021-09-20,265.0
106013,2021-09-21,673.0
106014,2021-09-22,665.0
106015,2021-09-23,629.0
106016,2021-09-24,680.0
106017,2021-09-25,540.0
106018,2021-09-26,266.0
106019,2021-09-27,194.0
106020,2021-09-28,817.0
106021,2021-09-29,681.0
106022,2021-09-30,608.0
106023,2021-10-01,490.0
106024,2021-10-02,454.0
106025,2021-10-03,226.0
106026,2021-10-04,204.0
106027,2021-10-05,684.0
106028,2021-10-06,570.0
106029,2021-10-07,427.0
106030,2021-10-08,630.0
106031,2021-10-09,416.0
106032,2021-10-10,151.0
106033,2021-10-11,207.0
106034,2021-10-12,175.0
106035,2021-10-13,205.0
106036,2021-10-14,571.0
106037,2021-10-15,507.0
106038,2021-10-16,465.0
106039,2021-10-17,128.0
106040,2021-10-18,202.0
106041,2021-10-19,379.0
106042,2021-10-20,398.0
106043,2021-10-21,466.0
106044,2021-10-22,447.0
106045,2021-10-23,350.0
106046,2021-10-24,119.0
106047,2021-10-25,207.0
106048,2021-10-26,403.0
106049,2021-10-27,435.0
106050,2021-10-28,373.0
106051,2021-10-29,408.0
106052,2021-10-30,216.0
106053,2021-10-31,133.0
106054,2021-11-01,103.0
106055,2021-11-02,152.0
106056,2021-11-03,190.0
106057,2021-11-04,434.0
106058,2021-11-05,382.0
106059,2021-11-06,303.0
106060,2021-11-07,70.0
106061,2021-11-08,120.0
106062,2021-11-09,208.0
106063,2021-11-10,268.0
106064,2021-11-11,240.0
106065,2021-11-12,621.0
106066,2021-11-13,307.0
106067,2021-11-14,65.0
106068,2021-11-15,70.0
106069,2021-11-16,142.0
106070,2021-11-17,377.0
106071,2021-11-18,272.0
106072,2021-11-19,236.0
106073,2021-11-20,208.0
106074,2021-11-21,96.0
106075,2021-11-22,126.0
106076,2021-11-23,294.0
106077,2021-11-24,270.0
106078,2021-11-25,288.0
106079,2021-11-26,305.0
106080,2021-11-27,227.0
106081,2021-11-28,80.0
106082,2021-11-29,118.0
106083,2021-11-30,326.0
106084,2021-12-01,268.0
106085,2021-12-02,196.0
106086,2021-12-03,234.0
106087,2021-12-04,146.0
106088,2021-12-05,71.0
106089,2021-12-06,132.0
106090,2021-12-07,261.0
106091,2021-12-08,239.0
106092,2021-12-09,199.0
106093,2021-12-10,228.0
106094,2021-12-11,53.0
106095,2021-12-12,82.0
106096,2021-12-13,45.0
106097,2021-12-14,113.0
106098,2021-12-15,298.0
106099,2021-12-16,123.0
106100,2021-12-17,198.0
106101,2021-12-18,138.0
106102,2021-12-19,55.0
106103,2021-12-20,83.0
106104,2021-12-21,71.0
106105,2021-12-22,149.0
106106,2021-12-23,128.0
106107,2021-12-24,164.0
106108,2021-12-25,47.0
106109,2021-12-26,25.0
106110,2021-12-27,80.0
106111,2021-12-28,170.0
106112,2021-12-29,116.0
106113,2021-12-30,148.0
106114,2021-12-31,86.0
106115,2022-01-01,32.0
106116,2022-01-02,41.0
106117,2022-01-03,72.0
106118,2022-01-04,182.0
106119,2022-01-05,127.0
106120,2022-01-06,174.0
106121,2022-01-07,146.0
106122,2022-01-08,96.0
106123,2022-01-09,49.0
106124,2022-01-10,119.0
106125,2022-01-11,135.0
106126,2022-01-12,139.0
106127,2022-01-13,196.0
106128,2022-01-14,231.0
106129,2022-01-15,164.0
106130,2022-01-16,99.0
106131,2022-01-17,166.0
106132,2022-01-18,312.0
106133,2022-01-19,322.0
106134,2022-01-20,352.0
106135,2022-01-21,398.0
106136,2022-01-22,310.0
106137,2022-01-23,191.0
106138,2022-01-24,270.0
106139,2022-01-25,485.0
106140,2022-01-26,603.0
106141,2022-01-27,683.0
106142,2022-01-28,763.0
106143,2022-01-29,694.0
106144,2022-01-30,274.0
106145,2022-01-31,482.0
106146,2022-02-01,750.0
106147,2022-02-02,940.0
106148,2022-02-03,997.0
106149,2022-02-04,968.0
106150,2022-02-05,804.0
106151,2022-02-06,447.0
106152,2022-02-07,415.0
106153,2022-02-08,1197.0
106154,2022-02-09,1287.0
106155,2022-02-10,925.0
106156,2022-02-11,1116.0
106157,2022-02-12,866.0
106158,2022-02-13,342.0
106159,2022-02-14,493.0
106160,2022-02-15,915.0
106161,2022-02-16,1033.0
106162,2022-02-17,1108.0
106163,2022-02-18,1118.0
106164,2022-02-19,836.0
106165,2022-02-20,399.0
106166,2022-02-21,343.0
106167,2022-02-22,804.0
106168,2022-02-23,985.0
106169,2022-02-24,983.0
106170,2022-02-25,798.0
106171,2022-02-26,708.0
106172,2022-02-27,215.0
106173,2022-02-28,238.0
106174,2022-03-01,278.0
106175,2022-03-02,346.0
106176,2022-03-03,587.0
106177,2022-03-04,694.0
106178,2022-03-05,633.0
106179,2022-03-06,214.0
106180,2022-03-07,220.0
106181,2022-03-08,492.0
106182,2022-03-09,678.0
106183,2022-03-10,565.0
106184,2022-03-11,456.0
106185,2022-03-12,384.0
106186,2022-03-13,138.0
106187,2022-03-14,185.0
106188,2022-03-15,328.0
106189,2022-03-16,356.0
106190,2022-03-17,477.0
106191,2022-03-18,382.0
106192,2022-03-19,285.0
106193,2022-03-20,106.0
106194,2022-03-21,102.0
106195,2022-03-22,411.0
106196,2022-03-23,283.0
106197,2022-03-24,308.0
106198,2022-03-25,257.0
106199,2022-03-26,192.0
106200,2022-03-27,107.0
106201,2022-03-28,76.0
106202,2022-03-29,285.0
106203,2022-03-30,263.0
106204,2022-03-31,253.0
106205,2022-04-01,245.0
106206,2022-04-02,106.0
106207,2022-04-03,39.0
106208,2022-04-04,165.0
106209,2022-04-05,216.0
106210,2022-04-06,195.0
106211,2022-04-07,250.0
106212,2022-04-08,149.0
106213,2022-04-09,98.0
106214,2022-04-10,38.0
106215,2022-04-11,69.0
106216,2022-04-12,166.0
106217,2022-04-13,163.0
106218,2022-04-14,140.0
106219,2022-04-15,111.0
106220,2022-04-16,31.0
106221,2022-04-17,22.0
106222,2022-04-18,66.0
106223,2022-04-19,125.0
106224,2022-04-20,263.0
106225,2022-04-21,92.0
106226,2022-04-22,51.0
106227,2022-04-23,53.0
106228,2022-04-24,36.0
106229,2022-04-25,76.0
106230,2022-04-26,144.0
106231,2022-04-27,245.0
106232,2022-04-28,114.0
106233,2022-04-29,185.0
106234,2022-04-30,87.0
106235,2022-05-01,16.0
106236,2022-05-02,89.0
106237,2022-05-03,92.0
106238,2022-05-04,65.0
106239,2022-05-05,137.0
106240,2022-05-06,195.0
106241,2022-05-07,35.0
106242,2022-05-08,13.0
106243,2022-05-09,53.0
106244,2022-05-10,198.0
106245,2022-05-11,126.0
106246,2022-05-12,125.0
106247,2022-05-13,139.0
106248,2022-05-14,92.0
106249,2022-05-15,46.0
106250,2022-05-16,69.0
106251,2022-05-17,229.0
106252,2022-05-18,103.0
106253,2022-05-19,114.0
106254,2022-05-20,60.0
106255,2022-05-21,35.0
106256,2022-05-22,99.0
106257,2022-05-23,39.0
106258,2022-05-24,239.0
106259,2022-05-25,132.0
106260,2022-05-26,143.0
106261,2022-05-27,139.0
106262,2022-05-28,72.0
106263,2022-05-29,62.0
106264,2022-05-30,63.0
106265,2022-05-31,160.0
106266,2022-06-01,125.0
106267,2022-06-02,127.0
106268,2022-06-03,43.0
106269,2022-06-04,26.0
106270,2022-06-05,8.0
106271,2022-06-06,36.0
106272,2022-06-07,307.0
106273,2022-06-08,299.0
106274,2022-06-09,143.0
106275,2022-06-10,170.0
106276,2022-06-11,114.0
106277,2022-06-12,36.0
106278,2022-06-13,70.0
106279,2022-06-14,174.0
106280,2022-06-15,339.0
106281,2022-06-16,151.0
106282,2022-06-17,72.0
106283,2022-06-18,94.0
106284,2022-06-19,55.0
106285,2022-06-20,96.0
106286,2022-06-21,229.0
106287,2022-06-22,140.0
106288,2022-06-23,365.0
106289,2022-06-24,334.0
106290,2022-06-25,140.0
106291,2022-06-26,36.0
106292,2022-06-27,127.0
106293,2022-06-28,316.0
106294,2022-06-29,277.0
106295,2022-06-30,291.0
106296,2022-07-01,284.0
106297,2022-07-02,158.0
106298,2022-07-03,53.0
106299,2022-07-04,122.0
106300,2022-07-05,396.0
106301,2022-07-06,361.0
106302,2022-07-07,283.0
106303,2022-07-08,266.0
106304,2022-07-09,215.0
106305,2022-07-10,56.0
106306,2022-07-11,148.0
106307,2022-07-12,344.0
106308,2022-07-13,380.0
106309,2022-07-14,297.0
106310,2022-07-15,311.0
106311,2022-07-16,205.0
106312,2022-07-17,55.0
106313,2022-07-18,168.0
106314,2022-07-19,353.0
106315,2022-07-20,346.0
106316,2022-07-21,269.0
106317,2022-07-22,280.0
106318,2022-07-23,161.0
106319,2022-07-24,37.0
106320,2022-07-25,179.0
106321,2022-07-26,351.0
106322,2022-07-27,310.0
106323,2022-07-28,265.0
106324,2022-07-29,244.0
106325,2022-07-30,173.0
106326,2022-07-31,28.0
106327,2022-08-01,201.0
106328,2022-08-02,295.0
106329,2022-08-03,265.0
106330,2022-08-04,261.0
106331,2022-08-05,222.0
106332,2022-08-06,181.0
106333,2022-08-07,57.0
106334,2022-08-08,170.0
106335,2022-08-09,365.0
106336,2022-08-10,255.0
106337,2022-08-11,220.0
106338,2022-08-12,247.0
106339,2022-08-13,147.0
106340,2022-08-14,37.0
106341,2022-08-15,120.0
106342,2022-08-16,206.0
106343,2022-08-17,247.0
106344,2022-08-18,206.0
106345,2022-08-19,142.0
106346,2022-08-20,144.0
106347,2022-08-21,47.0
106348,2022-08-22,122.0
106349,2022-08-23,203.0
106350,2022-08-24,202.0
106351,2022-08-25,157.0
106352,2022-08-26,164.0
106353,2022-08-27,75.0
106354,2022-08-28,22.0
106355,2022-08-29,128.0
106356,2022-08-30,229.0
106357,2022-08-31,114.0
106358,2022-09-01,182.0
106359,2022-09-02,115.0
106360,2022-09-03,92.0
106361,2022-09-04,15.0
106362,2022-09-05,56.0
106363,2022-09-06,155.0
106364,2022-09-07,57.0
106365,2022-09-08,85.0
106366,2022-09-09,91.0
106367,2022-09-10,40.0
106368,2022-09-11,7.0
106369,2022-09-12,38.0
106370,2022-09-13,104.0
106371,2022-09-14,119.0
106372,2022-09-15,82.0
106373,2022-09-16,97.0
106374,2022-09-17,34.0
106375,2022-09-18,42.0
106376,2022-09-19,52.0
106377,2022-09-20,90.0
106378,2022-09-21,86.0
106379,2022-09-22,73.0
106380,2022-09-23,73.0
106381,2022-09-24,32.0
106382,2022-09-25,23.0
106383,2022-09-26,30.0
106384,2022-09-27,46.0
106385,2022-09-28,46.0
106386,2022-09-29,51.0
106387,2022-09-30,58.0
106388,2022-10-01,218.0
106389,2022-10-02,66.0
106390,2022-10-03,51.0
106391,2022-10-04,93.0
106392,2022-10-05,109.0
106393,2022-10-06,133.0
106394,2022-10-07,97.0
106395,2022-10-08,39.0
106396,2022-10-09,9.0
106397,2022-10-10,26.0
106398,2022-10-11,86.0
106399,2022-10-12,63.0
106400,2022-10-13,43.0
106401,2022-10-14,75.0
106402,2022-10-15,9.0
106403,2022-10-16,2.0
106404,2022-10-17,88.0
106405,2022-10-18,83.0
106406,2022-10-19,97.0
106407,2022-10-20,60.0
106408,2022-10-21,44.0
106409,2022-10-22,39.0
106410,2022-10-23,8.0
106411,2022-10-24,92.0
106412,2022-10-25,44.0
106413,2022-10-26,197.0
106414,2022-10-27,55.0
106415,2022-10-28,118.0
106416,2022-10-29,11.0
106417,2022-10-30,1.0
106418,2022-10-31,65.0
106419,2022-11-01,62.0
106420,2022-11-02,9.0
106421,2022-11-03,39.0
106422,2022-11-04,65.0
106423,2022-11-05,10.0
106424,2022-11-06,6.0
106425,2022-11-07,47.0
106426,2022-11-08,92.0
106427,2022-11-09,80.0
106428,2022-11-10,40.0
106429,2022-11-11,49.0
106430,2022-11-12,-2.0
106431,2022-11-13,4.0
106432,2022-11-14,36.0
106433,2022-11-15,8.0
106434,2022-11-16,62.0
106435,2022-11-17,71.0
106436,2022-11-18,72.0
106437,2022-11-19,13.0
106438,2022-11-20,8.0
106439,2022-11-21,111.0
106440,2022-11-22,116.0
106441,2022-11-23,117.0
106442,2022-11-24,69.0
106443,2022-11-25,101.0
106444,2022-11-26,26.0
106445,2022-11-27,11.0
106446,2022-11-28,57.0
106447,2022-11-29,129.0
106448,2022-11-30,136.0
106449,2022-12-01,144.0
106450,2022-12-02,129.0
106451,2022-12-03,35.0
106452,2022-12-04,15.0
106453,2022-12-05,105.0
106454,2022-12-06,180.0
106455,2022-12-07,168.0
106456,2022-12-08,100.0
106457,2022-12-09,0.0
106458,2022-12-10,70.0
106459,2022-12-11,7.0
106460,2022-12-12,261.0
106461,2022-12-13,163.0
106462,2022-12-14,271.0
106463,2022-12-15,203.0
106464,2022-12-16,158.0
106465,2022-12-17,53.0
106466,2022-12-18,20.0
106467,2022-12-19,158.0
106468,2022-12-20,239.0
106469,2022-12-21,181.0
106470,2022-12-22,191.0
106471,2022-12-23,91.0
106472,2022-12-24,0.0
106473,2022-12-25,0.0
106474,2022-12-26,226.0
106475,2022-12-27,230.0
106476,2022-12-28,363.0
106477,2022-12-29,172.0
106478,2022-12-30,119.0
